<?xml version="1.0" encoding="UTF-8"?><!--
     This file is part of the DITA Open Toolkit project.
     See the accompanying LICENSE file for applicable license.
    --><!--
     This file is generated based on the message information shipped
     with DITA-OT, as defined in the file
     DITA-OT/config/messages.xml
     To regenerate this topic, run the following command:
     DITA-OT/docsrc/gradlew messages

     Alternatively, you may use that same build file to
     create a PDF, HTML5, or HTML Help version of the documentation, which
     will update the topic as part of the build. To rebuild PDF and HTML5,
     just run the command
     DITA-OT/docsrc/gradlew

     To build only one output format, run that same build command, followed
     by either "html", "pdf", or "htmlhelp". For example,
     this command will rebuild the HTML documentation (including the updated
     messages topic):
     DITA-OT/docsrc/gradlew html
    -->
<!DOCTYPE reference
  PUBLIC "-//OASIS//DTD DITA Reference//EN" "reference.dtd">
<reference id="msgs"><title id="title" outputclass="generated">Error messages</title><shortdesc id="shortdesc">This topic defines all error messages generated by the DITA-OT.</shortdesc><prolog><metadata><keywords><indexterm>error messages</indexterm></keywords></metadata></prolog><refbody><section id="overview"><p>Plug-ins may be used to add additional error messages into the toolkit;
          for more information, see <cite>Customizing DITA-OT</cite>.</p></section><table outputclass="table-hover" frame="topbot" colsep="0" rowsep="1"><title>DITA-OT error messages</title><tgroup cols="4"><colspec colname="message" colwidth="1.5*"/><colspec colname="severity" colwidth="1.5*"/><colspec colname="text" colwidth="3*"/><colspec colname="details" colwidth="4*"/><thead><row><entry>Message ID</entry><entry>Severity</entry><entry>Message text</entry><entry>Additional details</entry></row></thead><tbody><row id="DOTA001F"><entry><msgnum>DOTA001F</msgnum><indexterm><msgnum>DOTA001F</msgnum></indexterm></entry><entry>Fatal</entry><entry>"<varname>%1</varname>" is not a recognized transformation type. Supported transformation types are dita, eclipsehelp, html5, htmlhelp, markdown, markdown_gitbook, markdown_github, pdf, pdf2, xhtml.</entry><entry id="DOTA001F-extra"> </entry></row><row id="DOTA002F"><entry><msgnum>DOTA002F</msgnum><indexterm><msgnum>DOTA002F</msgnum></indexterm></entry><entry>Fatal</entry><entry>Input file is not specified, or is specified using the wrong parameter. </entry><entry id="DOTA002F-extra"> </entry></row><row id="DOTA003F"><entry><msgnum>DOTA003F</msgnum><indexterm><msgnum>DOTA003F</msgnum></indexterm></entry><entry>Fatal</entry><entry>Cannot find the user specified XSLT stylesheet '<varname>%1</varname>'. </entry><entry id="DOTA003F-extra"> </entry></row><row id="DOTA004F"><entry><msgnum>DOTA004F</msgnum><indexterm><msgnum>DOTA004F</msgnum></indexterm></entry><entry>Fatal</entry><entry>Invalid DITA topic extension '<varname>%1</varname>'. Supported values are '.dita' and '.xml'.</entry><entry id="DOTA004F-extra"> </entry></row><row id="DOTA006W"><entry><msgnum>DOTA006W</msgnum><indexterm><msgnum>DOTA006W</msgnum></indexterm></entry><entry>Warning</entry><entry>Absolute paths on the local file system are not supported for the CSSPATH parameter. Please use a relative path or full URI instead.</entry><entry id="DOTA006W-extra"> </entry></row><row id="DOTA007E"><entry><msgnum>DOTA007E</msgnum><indexterm><msgnum>DOTA007E</msgnum></indexterm></entry><entry>Error</entry><entry>Cannot find the running-footer file "<varname>%1</varname>". Please double check the value to ensure it is specified correctly.</entry><entry id="DOTA007E-extra"> </entry></row><row id="DOTA008E"><entry><msgnum>DOTA008E</msgnum><indexterm><msgnum>DOTA008E</msgnum></indexterm></entry><entry>Error</entry><entry>Cannot find the running-header file "<varname>%1</varname>". Please double check the value to ensure it is specified correctly.</entry><entry id="DOTA008E-extra"> </entry></row><row id="DOTA009E"><entry><msgnum>DOTA009E</msgnum><indexterm><msgnum>DOTA009E</msgnum></indexterm></entry><entry>Error</entry><entry>Cannot find the specified heading file "<varname>%1</varname>". Please double check the value to ensure it is specified correctly.</entry><entry id="DOTA009E-extra"> </entry></row><row id="DOTA011W"><entry><msgnum>DOTA011W</msgnum><indexterm><msgnum>DOTA011W</msgnum></indexterm></entry><entry>Warning</entry><entry>Argument "<varname>%1</varname>" is deprecated. This argument is no longer supported in the toolkit.</entry><entry id="DOTA011W-extra"> </entry></row><row id="DOTA012W"><entry><msgnum>DOTA012W</msgnum><indexterm><msgnum>DOTA012W</msgnum></indexterm></entry><entry>Warning</entry><entry>Argument "<varname>%1</varname>" is deprecated. Please use the argument "<varname>%2</varname>" instead.</entry><entry id="DOTA012W-extra"> </entry></row><row id="DOTA013F"><entry><msgnum>DOTA013F</msgnum><indexterm><msgnum>DOTA013F</msgnum></indexterm></entry><entry>Fatal</entry><entry>Cannot find the specified DITAVAL '<varname>%1</varname>'. </entry><entry id="DOTA013F-extra"> </entry></row><row id="DOTA014W"><entry><msgnum>DOTA014W</msgnum><indexterm><msgnum>DOTA014W</msgnum></indexterm></entry><entry>Warning</entry><entry>Attribute @<varname>%1</varname> is deprecated. Use attribute @<varname>%2</varname> instead.</entry><entry id="DOTA014W-extra"> </entry></row><row id="DOTA015F"><entry><msgnum>DOTA015F</msgnum><indexterm><msgnum>DOTA015F</msgnum></indexterm></entry><entry>Fatal</entry><entry>Internal property <varname>%1</varname> may not be set directly. Use property <varname>%2</varname> instead.</entry><entry id="DOTA015F-extra"> </entry></row><row id="DOTA066F"><entry><msgnum>DOTA066F</msgnum><indexterm><msgnum>DOTA066F</msgnum></indexterm></entry><entry>Fatal</entry><entry>Cannot find the user specified XSLT stylesheet '<varname>%1</varname>'. </entry><entry id="DOTA066F-extra"> </entry></row><row id="DOTA067W"><entry><msgnum>DOTA067W</msgnum><indexterm><msgnum>DOTA067W</msgnum></indexterm></entry><entry>Warning</entry><entry>Ignoring index-see '<varname>%1</varname>' inside parent index entry '<varname>%2</varname>' because the parent indexterm contains indexterm children. </entry><entry id="DOTA067W-extra"> </entry></row><row id="DOTA068W"><entry><msgnum>DOTA068W</msgnum><indexterm><msgnum>DOTA068W</msgnum></indexterm></entry><entry>Warning</entry><entry>Ignoring index-see-also '<varname>%1</varname>' inside parent index entry '<varname>%2</varname>' because the parent indexterm contains indexterm children. </entry><entry id="DOTA068W-extra"> </entry></row><row id="DOTA069F"><entry><msgnum>DOTA069F</msgnum><indexterm><msgnum>DOTA069F</msgnum></indexterm></entry><entry>Fatal</entry><entry>Input file '<varname>%1</varname>' cannot be located or read. Ensure that file was specified properly and that you have permission to access it.</entry><entry id="DOTA069F-extra"> </entry></row><row id="DOTA069W"><entry><msgnum>DOTA069W</msgnum><indexterm><msgnum>DOTA069W</msgnum></indexterm></entry><entry>Warning</entry><entry>Target "<varname>%1</varname>" is deprecated. Remove references to this target from your custom XSLT or plug-ins.</entry><entry id="DOTA069W-extra"> </entry></row><row id="DOTJ005F"><entry><msgnum>DOTJ005F</msgnum><indexterm><msgnum>DOTJ005F</msgnum></indexterm></entry><entry>Fatal</entry><entry>Failed to create new instance for '<varname>%1</varname>'. Please ensure that '<varname>%1</varname>' exists and that you have permission to access it.</entry><entry id="DOTJ005F-extra"> </entry></row><row id="DOTJ007E"><entry><msgnum>DOTJ007E</msgnum><indexterm><msgnum>DOTJ007E</msgnum></indexterm></entry><entry>Error</entry><entry>Duplicate condition in filter file for rule '<varname>%1</varname>'. The first encountered condition will be used.</entry><entry id="DOTJ007E-extra"> </entry></row><row id="DOTJ007I"><entry><msgnum>DOTJ007I</msgnum><indexterm><msgnum>DOTJ007I</msgnum></indexterm></entry><entry>Info</entry><entry>Duplicate condition in filter file for rule '<varname>%1</varname>'. The first encountered condition will be used.</entry><entry id="DOTJ007I-extra"> </entry></row><row id="DOTJ007W"><entry><msgnum>DOTJ007W</msgnum><indexterm><msgnum>DOTJ007W</msgnum></indexterm></entry><entry>Warning</entry><entry>Duplicate condition in filter file for rule '<varname>%1</varname>'. The first encountered condition will be used.</entry><entry id="DOTJ007W-extra"> </entry></row><row id="DOTJ009E"><entry><msgnum>DOTJ009E</msgnum><indexterm><msgnum>DOTJ009E</msgnum></indexterm></entry><entry>Error</entry><entry>Cannot overwrite file '<varname>%1</varname>' with file '<varname>%2</varname>'. The modified result may not be consumed by the following steps in the transform pipeline. Check to see whether the file is locked by some other application during the transformation process.</entry><entry id="DOTJ009E-extra"> </entry></row><row id="DOTJ012F"><entry><msgnum>DOTJ012F</msgnum><indexterm><msgnum>DOTJ012F</msgnum></indexterm></entry><entry>Fatal</entry><entry>Failed to parse the input file '<varname>%1</varname>'. </entry><entry id="DOTJ012F-extra"> </entry></row><row id="DOTJ013E"><entry><msgnum>DOTJ013E</msgnum><indexterm><msgnum>DOTJ013E</msgnum></indexterm></entry><entry>Error</entry><entry>Failed to parse the referenced file '<varname>%1</varname>'. </entry><entry id="DOTJ013E-extra"> </entry></row><row id="DOTJ014W"><entry><msgnum>DOTJ014W</msgnum><indexterm><msgnum>DOTJ014W</msgnum></indexterm></entry><entry>Warning</entry><entry>Found an indexterm element with no content. Setting the term to ***.</entry><entry id="DOTJ014W-extra"> </entry></row><row id="DOTJ018I"><entry><msgnum>DOTJ018I</msgnum><indexterm><msgnum>DOTJ018I</msgnum></indexterm></entry><entry>Info</entry><entry>Log file '<varname>%1</varname>' was generated successfully in directory '<varname>%2</varname>'. Any messages from the transformation process are available in the log file; additional details about each message are available in the DITA-OT documentation.</entry><entry id="DOTJ018I-extra"> </entry></row><row id="DOTJ020W"><entry><msgnum>DOTJ020W</msgnum><indexterm><msgnum>DOTJ020W</msgnum></indexterm></entry><entry>Warning</entry><entry>At least one plug-in in '<varname>%1</varname>' is required by plug-in '<varname>%2</varname>'. Plug-in '<varname>%2</varname>' cannot be loaded. Check and see whether all prerequisite plug-ins are installed in toolkit.</entry><entry id="DOTJ020W-extra"> </entry></row><row id="DOTJ021E"><entry><msgnum>DOTJ021E</msgnum><indexterm><msgnum>DOTJ021E</msgnum></indexterm></entry><entry>Error</entry><entry>File '<varname>%1</varname>' will not generate output because because all content has been filtered out by DITAVAL "exclude" conditions, or because the file is not valid DITA. </entry><entry id="DOTJ021E-extra"> </entry></row><row id="DOTJ021W"><entry><msgnum>DOTJ021W</msgnum><indexterm><msgnum>DOTJ021W</msgnum></indexterm></entry><entry>Warning</entry><entry>File '<varname>%1</varname>' will not generate output since it is invalid or all of its content has been filtered out by the ditaval file. Please check the file '<varname>%1</varname>' and the ditaval file to see if this is the intended result.</entry><entry id="DOTJ021W-extra"> </entry></row><row id="DOTJ022F"><entry><msgnum>DOTJ022F</msgnum><indexterm><msgnum>DOTJ022F</msgnum></indexterm></entry><entry>Fatal</entry><entry>Failed to parse the input file '<varname>%1</varname>' because all of its content has been filtered out. This will happen if the input file has filter conditions on the root element, and a ditaval excludes all content based on those conditions.</entry><entry id="DOTJ022F-extra"> </entry></row><row id="DOTJ023E"><entry><msgnum>DOTJ023E</msgnum><indexterm><msgnum>DOTJ023E</msgnum></indexterm></entry><entry>Error</entry><entry>Failed to get the specified image file '<varname>%1</varname>', so it will not be included with your output. </entry><entry id="DOTJ023E-extra"> </entry></row><row id="DOTJ025E"><entry><msgnum>DOTJ025E</msgnum><indexterm><msgnum>DOTJ025E</msgnum></indexterm></entry><entry>Error</entry><entry>The input to the "topic merge" transform process could not be found. Correct any earlier transform errors and try the build again, or see the DITA-OT documentation for additional causes.</entry><entry id="DOTJ025E-extra"> </entry></row><row id="DOTJ026E"><entry><msgnum>DOTJ026E</msgnum><indexterm><msgnum>DOTJ026E</msgnum></indexterm></entry><entry>Error</entry><entry>The "topic merge" did not generate any output. Correct any earlier transform errors and try the build again, or see the DITA-OT documentation for additional causes.</entry><entry id="DOTJ026E-extra"> </entry></row><row id="DOTJ028E"><entry><msgnum>DOTJ028E</msgnum><indexterm><msgnum>DOTJ028E</msgnum></indexterm></entry><entry>Error</entry><entry>No format attribute was found on a reference to file '<varname>%1</varname>', which does not appear to be a DITA file. If this is not a DITA file, set the format attribute to an appropriate value, otherwise set the format attribute to "dita".</entry><entry id="DOTJ028E-extra"> </entry></row><row id="DOTJ029I"><entry><msgnum>DOTJ029I</msgnum><indexterm><msgnum>DOTJ029I</msgnum></indexterm></entry><entry>Info</entry><entry>No 'domains' attribute was found for element '&lt;<varname>%1</varname>&gt;'. This generally indicates that your DTD or Schema was not developed properly according to the DITA specification.</entry><entry id="DOTJ029I-extra"> </entry></row><row id="DOTJ030I"><entry><msgnum>DOTJ030I</msgnum><indexterm><msgnum>DOTJ030I</msgnum></indexterm></entry><entry>Info</entry><entry>No 'class' attribute for was found for element '&lt;<varname>%1</varname>&gt;'. The element will be processed as an unknown or non-DITA element.</entry><entry id="DOTJ030I-extra"> </entry></row><row id="DOTJ031I"><entry><msgnum>DOTJ031I</msgnum><indexterm><msgnum>DOTJ031I</msgnum></indexterm></entry><entry>Info</entry><entry>No specified rule for '<varname>%1</varname>' was found in the ditaval file. This value will use the default action, or a parent prop action if specified. To remove this message, you can specify a rule for '<varname>%1</varname>' in the ditaval file.</entry><entry id="DOTJ031I-extra"> </entry></row><row id="DOTJ033E"><entry><msgnum>DOTJ033E</msgnum><indexterm><msgnum>DOTJ033E</msgnum></indexterm></entry><entry>Error</entry><entry>No valid content is found in topicref '<varname>%1</varname>' during chunk processing. Please specify an existing and valid topic for the topicref.</entry><entry id="DOTJ033E-extra"> </entry></row><row id="DOTJ034F"><entry><msgnum>DOTJ034F</msgnum><indexterm><msgnum>DOTJ034F</msgnum></indexterm></entry><entry>Fatal</entry><entry>Failed to parse the input file '<varname>%1</varname>' (the content of the file is not valid). If the input file '<varname>%1</varname>' does not have a DOCTYPE declaration, please make sure that all class attributes are present in the file.</entry><entry id="DOTJ034F-extra"> </entry></row><row id="DOTJ035F"><entry><msgnum>DOTJ035F</msgnum><indexterm><msgnum>DOTJ035F</msgnum></indexterm></entry><entry>Fatal</entry><entry>The file "<varname>%1</varname>" is outside the scope of the input dita/map directory. If you want to lower the severity level, please use the Ant parameter 'outer.control', and set the value to "warn" or "quiet". Otherwise, move the referenced file "<varname>%1</varname>" into the input dita/map directory.</entry><entry id="DOTJ035F-extra"> </entry></row><row id="DOTJ036W"><entry><msgnum>DOTJ036W</msgnum><indexterm><msgnum>DOTJ036W</msgnum></indexterm></entry><entry>Warning</entry><entry>The file "<varname>%1</varname>" is outside the scope of the input dita/map directory. </entry><entry id="DOTJ036W-extra"> </entry></row><row id="DOTJ037W"><entry><msgnum>DOTJ037W</msgnum><indexterm><msgnum>DOTJ037W</msgnum></indexterm></entry><entry>Warning</entry><entry>The XML schema and DTD validation function of the parser is turned off. Please make sure the input is normalized DITA with class attributes included, otherwise it will not be processed correctly.</entry><entry id="DOTJ037W-extra"> </entry></row><row id="DOTJ038E"><entry><msgnum>DOTJ038E</msgnum><indexterm><msgnum>DOTJ038E</msgnum></indexterm></entry><entry>Error</entry><entry>The tag "<varname>%1</varname>" is specialized from unrecognized metadata. Please make sure that tag "<varname>%1</varname>" is specialized from an existing metadata tag in the core DITA vocabulary.</entry><entry id="DOTJ038E-extra"> </entry></row><row id="DOTJ039E"><entry><msgnum>DOTJ039E</msgnum><indexterm><msgnum>DOTJ039E</msgnum></indexterm></entry><entry>Error</entry><entry>There is no target specified for conref push action "pushafter". Please add &lt;elementname conref="pushtarget" conaction="mark"&gt; before current element.</entry><entry id="DOTJ039E-extra"> </entry></row><row id="DOTJ040E"><entry><msgnum>DOTJ040E</msgnum><indexterm><msgnum>DOTJ040E</msgnum></indexterm></entry><entry>Error</entry><entry>An element uses the attribute conaction="replace", but a conref attribute is not found in the expected location. </entry><entry id="DOTJ040E-extra"> </entry></row><row id="DOTJ041E"><entry><msgnum>DOTJ041E</msgnum><indexterm><msgnum>DOTJ041E</msgnum></indexterm></entry><entry>Error</entry><entry>The attribute conref="<varname>%1</varname>" uses invalid syntax. The value should contain '#' followed by a topic or map ID, optionally followed by '/elemID' for a sub-topic element.</entry><entry id="DOTJ041E-extra"> </entry></row><row id="DOTJ042E"><entry><msgnum>DOTJ042E</msgnum><indexterm><msgnum>DOTJ042E</msgnum></indexterm></entry><entry>Error</entry><entry>Two elements both use conref push to replace the target "<varname>%1</varname>". Please delete one of the duplicate "replace" actions.</entry><entry id="DOTJ042E-extra"> </entry></row><row id="DOTJ043W"><entry><msgnum>DOTJ043W</msgnum><indexterm><msgnum>DOTJ043W</msgnum></indexterm></entry><entry>Warning</entry><entry>The conref push function is trying to replace an element that does not exist (element "<varname>%1</varname>" in file "<varname>%2</varname>"). </entry><entry id="DOTJ043W-extra"> </entry></row><row id="DOTJ044W"><entry><msgnum>DOTJ044W</msgnum><indexterm><msgnum>DOTJ044W</msgnum></indexterm></entry><entry>Warning</entry><entry>There is a redundant conref action "pushbefore". Please make sure that "mark" and "pushbefore" occur in pairs.</entry><entry id="DOTJ044W-extra"> </entry></row><row id="DOTJ045I"><entry><msgnum>DOTJ045I</msgnum><indexterm><msgnum>DOTJ045I</msgnum></indexterm></entry><entry>Info</entry><entry>The key "<varname>%1</varname>" is defined more than once in the same map file. </entry><entry id="DOTJ045I-extra"> </entry></row><row id="DOTJ046E"><entry><msgnum>DOTJ046E</msgnum><indexterm><msgnum>DOTJ046E</msgnum></indexterm></entry><entry>Error</entry><entry>Conkeyref="<varname>%1</varname>" can not be resolved because it does not contain a key or the key is not defined. The build will use the conref attribute for fallback, if one exists.</entry><entry id="DOTJ046E-extra"> </entry></row><row id="DOTJ047I"><entry><msgnum>DOTJ047I</msgnum><indexterm><msgnum>DOTJ047I</msgnum></indexterm></entry><entry>Info</entry><entry>Unable to find key definition for key reference "<varname>%1</varname>" in root scope. The href attribute may be used as fallback if it exists</entry><entry id="DOTJ047I-extra"> </entry></row><row id="DOTJ048I"><entry><msgnum>DOTJ048I</msgnum><indexterm><msgnum>DOTJ048I</msgnum></indexterm></entry><entry>Info</entry><entry>Unable to find key definition for key reference "<varname>%1</varname>" in scope "<varname>%2</varname>". The href attribute may be used as fallback if it exists</entry><entry id="DOTJ048I-extra"> </entry></row><row id="DOTJ049W"><entry><msgnum>DOTJ049W</msgnum><indexterm><msgnum>DOTJ049W</msgnum></indexterm></entry><entry>Warning</entry><entry>The attribute value <varname>%1</varname>="<varname>%3</varname>" on element "<varname>%2</varname>" does not comply with the specified subject scheme. According to the subject scheme map, the following values are valid for the <varname>%1</varname> attribute: <varname>%4</varname></entry><entry id="DOTJ049W-extra"> </entry></row><row id="DOTJ050W"><entry><msgnum>DOTJ050W</msgnum><indexterm><msgnum>DOTJ050W</msgnum></indexterm></entry><entry>Warning</entry><entry>Found an &lt;index-see&gt; or &lt;index-see-also&gt; reference to the term '<varname>%1</varname>', but that term is not defined in the index. </entry><entry id="DOTJ050W-extra"> </entry></row><row id="DOTJ051E"><entry><msgnum>DOTJ051E</msgnum><indexterm><msgnum>DOTJ051E</msgnum></indexterm></entry><entry>Error</entry><entry>Unable to load target for coderef "<varname>%1</varname>". </entry><entry id="DOTJ051E-extra"> </entry></row><row id="DOTJ052E"><entry><msgnum>DOTJ052E</msgnum><indexterm><msgnum>DOTJ052E</msgnum></indexterm></entry><entry>Error</entry><entry>Code reference charset "<varname>%1</varname>" not supported. See the DITA-OT documentation for supported charset values on the format attribute.</entry><entry id="DOTJ052E-extra"> </entry></row><row id="DOTJ053W"><entry><msgnum>DOTJ053W</msgnum><indexterm><msgnum>DOTJ053W</msgnum></indexterm></entry><entry>Warning</entry><entry>Input file '<varname>%1</varname>' is not valid DITA file name. Please check '<varname>%1</varname>' to see if it is correct. The extensions ".dita" or ".xml" are supported for DITA topics.</entry><entry id="DOTJ053W-extra"> </entry></row><row id="DOTJ054E"><entry><msgnum>DOTJ054E</msgnum><indexterm><msgnum>DOTJ054E</msgnum></indexterm></entry><entry>Error</entry><entry>Unable to parse invalid <varname>%1</varname> attribute value "<varname>%2</varname>" </entry><entry id="DOTJ054E-extra"> </entry></row><row id="DOTJ055E"><entry><msgnum>DOTJ055E</msgnum><indexterm><msgnum>DOTJ055E</msgnum></indexterm></entry><entry>Error</entry><entry>Invalid key name "<varname>%1</varname>". </entry><entry id="DOTJ055E-extra"> </entry></row><row id="DOTJ056E"><entry><msgnum>DOTJ056E</msgnum><indexterm><msgnum>DOTJ056E</msgnum></indexterm></entry><entry>Error</entry><entry>Invalid xml:lang "<varname>%1</varname>". </entry><entry id="DOTJ056E-extra"> </entry></row><row id="DOTJ057E"><entry><msgnum>DOTJ057E</msgnum><indexterm><msgnum>DOTJ057E</msgnum></indexterm></entry><entry>Error</entry><entry>The id attribute value "<varname>%1</varname>" is not unique within the topic that contains it. </entry><entry id="DOTJ057E-extra"> </entry></row><row id="DOTJ058E"><entry><msgnum>DOTJ058E</msgnum><indexterm><msgnum>DOTJ058E</msgnum></indexterm></entry><entry>Error</entry><entry>Both <varname>%1</varname> and <varname>%2</varname> attributes defined. A single element may not contain both generalized and specialized values for the same attribute.</entry><entry id="DOTJ058E-extra"> </entry></row><row id="DOTJ059E"><entry><msgnum>DOTJ059E</msgnum><indexterm><msgnum>DOTJ059E</msgnum></indexterm></entry><entry>Error</entry><entry>Invalid key scope name "<varname>%1</varname>". </entry><entry id="DOTJ059E-extra"> </entry></row><row id="DOTJ060W"><entry><msgnum>DOTJ060W</msgnum><indexterm><msgnum>DOTJ060W</msgnum></indexterm></entry><entry>Warning</entry><entry>Key "<varname>%1</varname>" was used in conkeyref but is not bound to a DITA topic or map. Cannot resolve conkeyref value "<varname>%2</varname>" as a valid conref reference.</entry><entry id="DOTJ060W-extra"> </entry></row><row id="DOTJ061E"><entry><msgnum>DOTJ061E</msgnum><indexterm><msgnum>DOTJ061E</msgnum></indexterm></entry><entry>Error</entry><entry>Topic reference target is a DITA map but format attribute has not been set. Set format attribute value to "ditamap".</entry><entry id="DOTJ061E-extra"> </entry></row><row id="DOTJ062E"><entry><msgnum>DOTJ062E</msgnum><indexterm><msgnum>DOTJ062E</msgnum></indexterm></entry><entry>Error</entry><entry>Invalid <varname>%1</varname> attribute value "<varname>%2</varname>". </entry><entry id="DOTJ062E-extra"> </entry></row><row id="DOTJ063E"><entry><msgnum>DOTJ063E</msgnum><indexterm><msgnum>DOTJ063E</msgnum></indexterm></entry><entry>Error</entry><entry>The cols attribute is "<varname>%1</varname>" but number of colspec elements was <varname>%2</varname>. </entry><entry id="DOTJ063E-extra"> </entry></row><row id="DOTJ064W"><entry><msgnum>DOTJ064W</msgnum><indexterm><msgnum>DOTJ064W</msgnum></indexterm></entry><entry>Warning</entry><entry>Chunk attribute uses both "to-content" and "by-topic" that conflict with each other. Ignoring "by-topic" token.</entry><entry id="DOTJ064W-extra"> </entry></row><row id="DOTJ065I"><entry><msgnum>DOTJ065I</msgnum><indexterm><msgnum>DOTJ065I</msgnum></indexterm></entry><entry>Info</entry><entry>Branch filter generated topic <varname>%1</varname> used more than once. Renaming <varname>%1</varname> to <varname>%2</varname>.</entry><entry id="DOTJ065I-extra"> </entry></row><row id="DOTJ066E"><entry><msgnum>DOTJ066E</msgnum><indexterm><msgnum>DOTJ066E</msgnum></indexterm></entry><entry>Error</entry><entry>No id attribute on topic type element <varname>%1</varname>. Using generated id <varname>%2</varname>.</entry><entry id="DOTJ066E-extra"> </entry></row><row id="DOTJ067E"><entry><msgnum>DOTJ067E</msgnum><indexterm><msgnum>DOTJ067E</msgnum></indexterm></entry><entry>Error</entry><entry>No id attribute on topic type element <varname>%1</varname>. </entry><entry id="DOTJ067E-extra"> </entry></row><row id="DOTJ068E"><entry><msgnum>DOTJ068E</msgnum><indexterm><msgnum>DOTJ068E</msgnum></indexterm></entry><entry>Error</entry><entry>Conref action "mark" without conref target. </entry><entry id="DOTJ068E-extra"> </entry></row><row id="DOTJ069E"><entry><msgnum>DOTJ069E</msgnum><indexterm><msgnum>DOTJ069E</msgnum></indexterm></entry><entry>Error</entry><entry>Circular key definition <varname>%1</varname>. </entry><entry id="DOTJ069E-extra"> </entry></row><row id="DOTJ070I"><entry><msgnum>DOTJ070I</msgnum><indexterm><msgnum>DOTJ070I</msgnum></indexterm></entry><entry>Info</entry><entry>Invalid 'class' attribute '<varname>%1</varname>' for was found for element '&lt;<varname>%2</varname>&gt;'. The element will be processed as an unknown or non-DITA element.</entry><entry id="DOTJ070I-extra"> </entry></row><row id="DOTJ071E"><entry><msgnum>DOTJ071E</msgnum><indexterm><msgnum>DOTJ071E</msgnum></indexterm></entry><entry>Error</entry><entry>Cannot find the specified DITAVAL '<varname>%1</varname>'. </entry><entry id="DOTJ071E-extra"> </entry></row><row id="DOTJ072E"><entry><msgnum>DOTJ072E</msgnum><indexterm><msgnum>DOTJ072E</msgnum></indexterm></entry><entry>Error</entry><entry>Email link without correct 'format' attribute. Using 'format' attribute value 'email'.</entry><entry id="DOTJ072E-extra"> </entry></row><row id="DOTJ073E"><entry><msgnum>DOTJ073E</msgnum><indexterm><msgnum>DOTJ073E</msgnum></indexterm></entry><entry>Error</entry><entry>Email link without correct 'scope' attribute. Using 'scope' attribute value 'external'.</entry><entry id="DOTJ073E-extra"> </entry></row><row id="DOTJ074W"><entry><msgnum>DOTJ074W</msgnum><indexterm><msgnum>DOTJ074W</msgnum></indexterm></entry><entry>Warning</entry><entry>Rev attribute cannot be used with prop filter. </entry><entry id="DOTJ074W-extra"> </entry></row><row id="DOTJ075W"><entry><msgnum>DOTJ075W</msgnum><indexterm><msgnum>DOTJ075W</msgnum></indexterm></entry><entry>Warning</entry><entry>Absolute link '<varname>%1</varname>' without correct 'scope' attribute. Using 'scope' attribute value 'external'.</entry><entry id="DOTJ075W-extra"> </entry></row><row id="DOTJ076W"><entry><msgnum>DOTJ076W</msgnum><indexterm><msgnum>DOTJ076W</msgnum></indexterm></entry><entry>Warning</entry><entry>Absolute link '<varname>%1</varname>' without correct 'scope' attribute. </entry><entry id="DOTJ076W-extra"> </entry></row><row id="DOTJ077F"><entry><msgnum>DOTJ077F</msgnum><indexterm><msgnum>DOTJ077F</msgnum></indexterm></entry><entry>Fatal</entry><entry>Invalid action attribute '<varname>%1</varname>' on DITAVAL property. </entry><entry id="DOTJ077F-extra"> </entry></row><row id="DOTJ078F"><entry><msgnum>DOTJ078F</msgnum><indexterm><msgnum>DOTJ078F</msgnum></indexterm></entry><entry>Fatal</entry><entry>Input file '<varname>%1</varname>' could not be loaded. Ensure that grammar files for this document type are referenced and installed properly.</entry><entry id="DOTJ078F-extra"> </entry></row><row id="DOTJ079E"><entry><msgnum>DOTJ079E</msgnum><indexterm><msgnum>DOTJ079E</msgnum></indexterm></entry><entry>Error</entry><entry>File '<varname>%1</varname>' could not be loaded. Ensure that grammar files for this document type are referenced and installed properly.</entry><entry id="DOTJ079E-extra"> </entry></row><row id="DOTJ080W"><entry><msgnum>DOTJ080W</msgnum><indexterm><msgnum>DOTJ080W</msgnum></indexterm></entry><entry>Warning</entry><entry>Integrator configuration '<varname>%1</varname>' has been deprecated. Use plugin configuration '<varname>%1</varname>' instead.</entry><entry id="DOTJ080W-extra"> </entry></row><row id="DOTJ081W"><entry><msgnum>DOTJ081W</msgnum><indexterm><msgnum>DOTJ081W</msgnum></indexterm></entry><entry>Warning</entry><entry>Ignoring empty conref attribute conref="". </entry><entry id="DOTJ081W-extra"> </entry></row><row id="DOTJ082E"><entry><msgnum>DOTJ082E</msgnum><indexterm><msgnum>DOTJ082E</msgnum></indexterm></entry><entry>Error</entry><entry>Processing table cell failed. </entry><entry id="DOTJ082E-extra"> </entry></row><row id="DOTJ083E"><entry><msgnum>DOTJ083E</msgnum><indexterm><msgnum>DOTJ083E</msgnum></indexterm></entry><entry>Error</entry><entry>The resource referenced as <varname>%1</varname> is capitalized differently on disk </entry><entry id="DOTJ083E-extra"> </entry></row><row id="DOTJ084E"><entry><msgnum>DOTJ084E</msgnum><indexterm><msgnum>DOTJ084E</msgnum></indexterm></entry><entry>Error</entry><entry>Couldn’t read '<varname>%1</varname>' with the <varname>%2</varname> character set. Save the file with <varname>%2</varname> encoding.</entry><entry id="DOTJ084E-extra"> </entry></row><row id="DOTJ085E"><entry><msgnum>DOTJ085E</msgnum><indexterm><msgnum>DOTJ085E</msgnum></indexterm></entry><entry>Error</entry><entry>The '<varname>%1</varname>' parameter cannot be set with 'param' in project files. Use '<varname>%2</varname>' instead.</entry><entry id="DOTJ085E-extra"> </entry></row><row id="DOTJ086W"><entry><msgnum>DOTJ086W</msgnum><indexterm><msgnum>DOTJ086W</msgnum></indexterm></entry><entry>Warning</entry><entry>Split chunk attribute found on '&lt;<varname>%1</varname>&gt;' element that does not reference a topic. Ignoring chunk operation.</entry><entry id="DOTJ086W-extra"> </entry></row><row id="DOTJ087W"><entry><msgnum>DOTJ087W</msgnum><indexterm><msgnum>DOTJ087W</msgnum></indexterm></entry><entry>Warning</entry><entry>Found chunk attribute with value '<varname>%1</varname>' inside combine chunk. Ignoring chunk operation.</entry><entry id="DOTJ087W-extra"> </entry></row><row id="DOTX001W"><entry><msgnum>DOTX001W</msgnum><indexterm><msgnum>DOTX001W</msgnum></indexterm></entry><entry>Warning</entry><entry>No string named '<varname>%1</varname>' was found for language '<varname>%2</varname>'. Using the default language '<varname>%3</varname>'. Add a mapping between default language and desired language for the string '<varname>%1</varname>'.</entry><entry id="DOTX001W-extra"> </entry></row><row id="DOTX002W"><entry><msgnum>DOTX002W</msgnum><indexterm><msgnum>DOTX002W</msgnum></indexterm></entry><entry>Warning</entry><entry>The title element or attribute in the ditamap is required for Eclipse output. </entry><entry id="DOTX002W-extra"> </entry></row><row id="DOTX003I"><entry><msgnum>DOTX003I</msgnum><indexterm><msgnum>DOTX003I</msgnum></indexterm></entry><entry>Info</entry><entry>The anchorref attribute should either reference another dita map or an Eclipse XML TOC file. The value '<varname>%1</varname>' does not appear to reference either. </entry><entry id="DOTX003I-extra"> </entry></row><row id="DOTX004I"><entry><msgnum>DOTX004I</msgnum><indexterm><msgnum>DOTX004I</msgnum></indexterm></entry><entry>Info</entry><entry>Found a navref element that does not reference anything. The navref element should either reference another dita map or an Eclipse XML file.</entry><entry id="DOTX004I-extra"> </entry></row><row id="DOTX005E"><entry><msgnum>DOTX005E</msgnum><indexterm><msgnum>DOTX005E</msgnum></indexterm></entry><entry>Error</entry><entry>Unable to find navigation title for reference to '<varname>%1</varname>'. The build will use '<varname>%1</varname>' as the title in the Eclipse Table of Contents.</entry><entry id="DOTX005E-extra"> </entry></row><row id="DOTX006E"><entry><msgnum>DOTX006E</msgnum><indexterm><msgnum>DOTX006E</msgnum></indexterm></entry><entry>Error</entry><entry>Unknown file extension in href="<varname>%1</varname>". References to non-DITA resources should set the format attribute to match the resource (for example, 'txt', 'pdf', or 'html').</entry><entry id="DOTX006E-extra"> </entry></row><row id="DOTX007I"><entry><msgnum>DOTX007I</msgnum><indexterm><msgnum>DOTX007I</msgnum></indexterm></entry><entry>Info</entry><entry>Only DITA topics, HTML files, and images may be included in your compiled CHM file. The reference to "<varname>%1</varname>" will be ignored. To remove this message, you can set the toc="no" or processing-role="resource-only" attribute on your topicref.</entry><entry id="DOTX007I-extra"> </entry></row><row id="DOTX008E"><entry><msgnum>DOTX008E</msgnum><indexterm><msgnum>DOTX008E</msgnum></indexterm></entry><entry>Error</entry><entry>File '<varname>%1</varname>' does not exist or cannot be loaded. </entry><entry id="DOTX008E-extra"> </entry></row><row id="DOTX008W"><entry><msgnum>DOTX008W</msgnum><indexterm><msgnum>DOTX008W</msgnum></indexterm></entry><entry>Warning</entry><entry>File '<varname>%1</varname>' cannot be loaded, and no navigation title is specified for the table of contents. </entry><entry id="DOTX008W-extra"> </entry></row><row id="DOTX009W"><entry><msgnum>DOTX009W</msgnum><indexterm><msgnum>DOTX009W</msgnum></indexterm></entry><entry>Warning</entry><entry>Could not retrieve a title from '<varname>%1</varname>'. Using '<varname>%2</varname>' instead. </entry><entry id="DOTX009W-extra"> </entry></row><row id="DOTX010E"><entry><msgnum>DOTX010E</msgnum><indexterm><msgnum>DOTX010E</msgnum></indexterm></entry><entry>Error</entry><entry>Unable to find target for conref="<varname>%1</varname>". </entry><entry id="DOTX010E-extra"> </entry></row><row id="DOTX011W"><entry><msgnum>DOTX011W</msgnum><indexterm><msgnum>DOTX011W</msgnum></indexterm></entry><entry>Warning</entry><entry>There is more than one possible target for the reference conref="<varname>%1</varname>". Only the first will be used. Remove the duplicate id in the referenced file.</entry><entry id="DOTX011W-extra"> </entry></row><row id="DOTX012W"><entry><msgnum>DOTX012W</msgnum><indexterm><msgnum>DOTX012W</msgnum></indexterm></entry><entry>Warning</entry><entry>When you conref another topic or an item in another topic, the domains attribute of the target topic must be equal to or a subset of the current topic's domains attribute. Put your target under an appropriate domain. You can see the messages guide for more help.</entry><entry id="DOTX012W-extra"> </entry></row><row id="DOTX013E"><entry><msgnum>DOTX013E</msgnum><indexterm><msgnum>DOTX013E</msgnum></indexterm></entry><entry>Error</entry><entry>A element with attribute conref="<varname>%1</varname>" indirectly includes itself, which results in an infinite loop. </entry><entry id="DOTX013E-extra"> </entry></row><row id="DOTX014E"><entry><msgnum>DOTX014E</msgnum><indexterm><msgnum>DOTX014E</msgnum></indexterm></entry><entry>Error</entry><entry>The attribute conref="<varname>%1</varname>" uses invalid syntax. Conref references to a map element should contain '#' followed by an ID, such as mymap.ditamap#mytopicrefid.</entry><entry id="DOTX014E-extra"> </entry></row><row id="DOTX015E"><entry><msgnum>DOTX015E</msgnum><indexterm><msgnum>DOTX015E</msgnum></indexterm></entry><entry>Error</entry><entry>The attribute conref="<varname>%1</varname>" uses invalid syntax. The value should contain '#' followed by a topic or map ID, optionally followed by '/elemID' for a sub-topic element.</entry><entry id="DOTX015E-extra"> </entry></row><row id="DOTX016W"><entry><msgnum>DOTX016W</msgnum><indexterm><msgnum>DOTX016W</msgnum></indexterm></entry><entry>Warning</entry><entry>A reference to "<varname>%2</varname>" appears to reference a DITA document, but the format attribute has inherited a value of "<varname>%1</varname>". The document will not be processed as DITA. </entry><entry id="DOTX016W-extra"> </entry></row><row id="DOTX017E"><entry><msgnum>DOTX017E</msgnum><indexterm><msgnum>DOTX017E</msgnum></indexterm></entry><entry>Error</entry><entry>Found a link or cross reference with an empty href attribute (href=""). Remove the empty href attribute or provide a value.</entry><entry id="DOTX017E-extra"> </entry></row><row id="DOTX018I"><entry><msgnum>DOTX018I</msgnum><indexterm><msgnum>DOTX018I</msgnum></indexterm></entry><entry>Info</entry><entry>The type attribute on a topicref was set to '<varname>%1</varname>', but the topicref references a more specific '<varname>%2</varname>' topic. Note that the type attribute cascades in maps, so the value '<varname>%1</varname>' may come from an ancestor topicref. </entry><entry id="DOTX018I-extra"> </entry></row><row id="DOTX019W"><entry><msgnum>DOTX019W</msgnum><indexterm><msgnum>DOTX019W</msgnum></indexterm></entry><entry>Warning</entry><entry>The type attribute on a topicref was set to '<varname>%1</varname>', but the topicref references a '<varname>%2</varname>' topic. This may cause your links to sort incorrectly in the output. Note that the type attribute cascades in maps, so the value '<varname>%1</varname>' may come from an ancestor topicref. </entry><entry id="DOTX019W-extra"> </entry></row><row id="DOTX020E"><entry><msgnum>DOTX020E</msgnum><indexterm><msgnum>DOTX020E</msgnum></indexterm></entry><entry>Error</entry><entry>Missing navtitle attribute or element for peer topic "<varname>%1</varname>". References must provide a local navigation title when the target is not a local DITA resource.</entry><entry id="DOTX020E-extra"> </entry></row><row id="DOTX021E"><entry><msgnum>DOTX021E</msgnum><indexterm><msgnum>DOTX021E</msgnum></indexterm></entry><entry>Error</entry><entry>Missing navtitle attribute or element for non-DITA resource "<varname>%1</varname>". References must provide a local navigation title when the target is not a local DITA resource.</entry><entry id="DOTX021E-extra"> </entry></row><row id="DOTX022W"><entry><msgnum>DOTX022W</msgnum><indexterm><msgnum>DOTX022W</msgnum></indexterm></entry><entry>Warning</entry><entry>Unable to retrieve navtitle from target: '<varname>%1</varname>'. Using linktext (specified in topicmeta) as the navigation title. </entry><entry id="DOTX022W-extra"> </entry></row><row id="DOTX023W"><entry><msgnum>DOTX023W</msgnum><indexterm><msgnum>DOTX023W</msgnum></indexterm></entry><entry>Warning</entry><entry>Unable to retrieve navtitle from target: '<varname>%1</varname>'. </entry><entry id="DOTX023W-extra"> </entry></row><row id="DOTX024E"><entry><msgnum>DOTX024E</msgnum><indexterm><msgnum>DOTX024E</msgnum></indexterm></entry><entry>Error</entry><entry>Missing linktext and navtitle for peer topic "<varname>%1</varname>". References must provide a local navigation title when the target is not a local DITA resource.</entry><entry id="DOTX024E-extra"> </entry></row><row id="DOTX025E"><entry><msgnum>DOTX025E</msgnum><indexterm><msgnum>DOTX025E</msgnum></indexterm></entry><entry>Error</entry><entry>Missing linktext and navtitle for non-DITA resource "<varname>%1</varname>". References must provide a local navigation title when the target is not a local DITA resource.</entry><entry id="DOTX025E-extra"> </entry></row><row id="DOTX026W"><entry><msgnum>DOTX026W</msgnum><indexterm><msgnum>DOTX026W</msgnum></indexterm></entry><entry>Warning</entry><entry>Unable to retrieve linktext from target: '<varname>%1</varname>'. Using navigation title as fallback. </entry><entry id="DOTX026W-extra"> </entry></row><row id="DOTX027W"><entry><msgnum>DOTX027W</msgnum><indexterm><msgnum>DOTX027W</msgnum></indexterm></entry><entry>Warning</entry><entry>Unable to retrieve linktext from target: '<varname>%1</varname>'. </entry><entry id="DOTX027W-extra"> </entry></row><row id="DOTX028E"><entry><msgnum>DOTX028E</msgnum><indexterm><msgnum>DOTX028E</msgnum></indexterm></entry><entry>Error</entry><entry>Link or cross reference must contain a valid href or keyref attribute; no link target is specified. </entry><entry id="DOTX028E-extra"> </entry></row><row id="DOTX029I"><entry><msgnum>DOTX029I</msgnum><indexterm><msgnum>DOTX029I</msgnum></indexterm></entry><entry>Info</entry><entry>The type attribute on a <varname>%1</varname> element was set to <varname>%3</varname>, but the reference is to a more specific <varname>%4</varname> <varname>%2</varname>. This may cause your links to sort incorrectly in the output. </entry><entry id="DOTX029I-extra"> </entry></row><row id="DOTX030W"><entry><msgnum>DOTX030W</msgnum><indexterm><msgnum>DOTX030W</msgnum></indexterm></entry><entry>Warning</entry><entry>The type attribute on a <varname>%1</varname> element was set to <varname>%3</varname>, but the reference is to a <varname>%4</varname> <varname>%2</varname>. This may cause your links to sort incorrectly in the output. </entry><entry id="DOTX030W-extra"> </entry></row><row id="DOTX031E"><entry><msgnum>DOTX031E</msgnum><indexterm><msgnum>DOTX031E</msgnum></indexterm></entry><entry>Error</entry><entry>The file <varname>%1</varname> is not available to resolve link information. </entry><entry id="DOTX031E-extra"> </entry></row><row id="DOTX032E"><entry><msgnum>DOTX032E</msgnum><indexterm><msgnum>DOTX032E</msgnum></indexterm></entry><entry>Error</entry><entry>Unable to retrieve link text from target: '<varname>%1</varname>'. If the target is not accessible at build time, or does not have a title, provide the link text inside the reference.</entry><entry id="DOTX032E-extra"> </entry></row><row id="DOTX033E"><entry><msgnum>DOTX033E</msgnum><indexterm><msgnum>DOTX033E</msgnum></indexterm></entry><entry>Error</entry><entry>Unable to generate link text for a cross reference to a list item: '<varname>%1</varname>' </entry><entry id="DOTX033E-extra"> </entry></row><row id="DOTX034E"><entry><msgnum>DOTX034E</msgnum><indexterm><msgnum>DOTX034E</msgnum></indexterm></entry><entry>Error</entry><entry>Unable to generate link text for a cross reference to an unordered list item: '<varname>%1</varname>' </entry><entry id="DOTX034E-extra"> </entry></row><row id="DOTX035E"><entry><msgnum>DOTX035E</msgnum><indexterm><msgnum>DOTX035E</msgnum></indexterm></entry><entry>Error</entry><entry>Unable to generate the correct number for a cross reference to a footnote: '<varname>%1</varname>' </entry><entry id="DOTX035E-extra"> </entry></row><row id="DOTX036E"><entry><msgnum>DOTX036E</msgnum><indexterm><msgnum>DOTX036E</msgnum></indexterm></entry><entry>Error</entry><entry>Unable to generate link text for a cross reference to a dlentry (the dlentry or term could not be found): '<varname>%1</varname>' </entry><entry id="DOTX036E-extra"> </entry></row><row id="DOTX037W"><entry><msgnum>DOTX037W</msgnum><indexterm><msgnum>DOTX037W</msgnum></indexterm></entry><entry>Warning</entry><entry>No title found for this document; using "***" as HTML page title. </entry><entry id="DOTX037W-extra"> </entry></row><row id="DOTX038I"><entry><msgnum>DOTX038I</msgnum><indexterm><msgnum>DOTX038I</msgnum></indexterm></entry><entry>Info</entry><entry>The longdescref attribute on tag '<varname>%1</varname>' will be ignored. Accessibility for object elements needs to be handled another way. </entry><entry id="DOTX038I-extra"> </entry></row><row id="DOTX039W"><entry><msgnum>DOTX039W</msgnum><indexterm><msgnum>DOTX039W</msgnum></indexterm></entry><entry>Warning</entry><entry>Required cleanup area found. To remove this message and hide the content, build your content without using the DRAFT parameter.</entry><entry id="DOTX039W-extra"> </entry></row><row id="DOTX040I"><entry><msgnum>DOTX040I</msgnum><indexterm><msgnum>DOTX040I</msgnum></indexterm></entry><entry>Info</entry><entry>Draft comment area found. To remove this message and hide the comments, build your content without using the DRAFT parameter.</entry><entry id="DOTX040I-extra"> </entry></row><row id="DOTX041W"><entry><msgnum>DOTX041W</msgnum><indexterm><msgnum>DOTX041W</msgnum></indexterm></entry><entry>Warning</entry><entry>Found more than one title element in a <varname>%1</varname> element. Using the first one for the <varname>%1</varname>'s title. </entry><entry id="DOTX041W-extra"> </entry></row><row id="DOTX042I"><entry><msgnum>DOTX042I</msgnum><indexterm><msgnum>DOTX042I</msgnum></indexterm></entry><entry>Info</entry><entry>DITAVAL based flagging is not currently supported for inline phrases in XHTML; ignoring flag value on '<varname>%1</varname>' attribute. </entry><entry id="DOTX042I-extra"> </entry></row><row id="DOTX043I"><entry><msgnum>DOTX043I</msgnum><indexterm><msgnum>DOTX043I</msgnum></indexterm></entry><entry>Info</entry><entry>The link to '<varname>%1</varname>' may appear more than once in '<varname>%2</varname>'. </entry><entry id="DOTX043I-extra"> </entry></row><row id="DOTX044E"><entry><msgnum>DOTX044E</msgnum><indexterm><msgnum>DOTX044E</msgnum></indexterm></entry><entry>Error</entry><entry>The area element in an image map does not specify a link target. Please add an xref element with a link target to the area element.</entry><entry id="DOTX044E-extra"> </entry></row><row id="DOTX045W"><entry><msgnum>DOTX045W</msgnum><indexterm><msgnum>DOTX045W</msgnum></indexterm></entry><entry>Warning</entry><entry>The area element in an image map should specify link text for greater accessibility. Link text should be specified directly when the target is not a local DITA resource.</entry><entry id="DOTX045W-extra"> </entry></row><row id="DOTX046W"><entry><msgnum>DOTX046W</msgnum><indexterm><msgnum>DOTX046W</msgnum></indexterm></entry><entry>Warning</entry><entry>Area shape should be: default, rect, circle, poly, or blank (no value). The value '<varname>%1</varname>' is not recognized. </entry><entry id="DOTX046W-extra"> </entry></row><row id="DOTX047W"><entry><msgnum>DOTX047W</msgnum><indexterm><msgnum>DOTX047W</msgnum></indexterm></entry><entry>Warning</entry><entry>Area coordinates are blank. Coordinate points for the shape need to be specified. </entry><entry id="DOTX047W-extra"> </entry></row><row id="DOTX048I"><entry><msgnum>DOTX048I</msgnum><indexterm><msgnum>DOTX048I</msgnum></indexterm></entry><entry>Info</entry><entry>In order to include peer or external topic '<varname>%1</varname>' in your help file, you may need to recompile the CHM file after making the file available. </entry><entry id="DOTX048I-extra"> </entry></row><row id="DOTX049I"><entry><msgnum>DOTX049I</msgnum><indexterm><msgnum>DOTX049I</msgnum></indexterm></entry><entry>Info</entry><entry>References to non-dita files will be ignored by the PDF, ODT, and RTF output transforms. </entry><entry id="DOTX049I-extra"> </entry></row><row id="DOTX050W"><entry><msgnum>DOTX050W</msgnum><indexterm><msgnum>DOTX050W</msgnum></indexterm></entry><entry>Warning</entry><entry>Default id "org.sample.help.doc" is used for Eclipse plug-in. If you want to use your own plug-in id, please specify it using the id attribute on your map.</entry><entry id="DOTX050W-extra"> </entry></row><row id="DOTX052W"><entry><msgnum>DOTX052W</msgnum><indexterm><msgnum>DOTX052W</msgnum></indexterm></entry><entry>Warning</entry><entry>No string named '<varname>%1</varname>' was found when creating generated text; using the value '<varname>%1</varname>' in your output file. </entry><entry id="DOTX052W-extra"> </entry></row><row id="DOTX053E"><entry><msgnum>DOTX053E</msgnum><indexterm><msgnum>DOTX053E</msgnum></indexterm></entry><entry>Error</entry><entry>A element that references another map indirectly includes itself, which results in an infinite loop. The original map reference is to '<varname>%1</varname>'. </entry><entry id="DOTX053E-extra"> </entry></row><row id="DOTX054W"><entry><msgnum>DOTX054W</msgnum><indexterm><msgnum>DOTX054W</msgnum></indexterm></entry><entry>Warning</entry><entry>Conflict text style is applied on the current element based on DITAVAL flagging rules. Please check ditaval and dita source to make sure there is no style conflict on the element which needs to be flagged.</entry><entry id="DOTX054W-extra"> </entry></row><row id="DOTX055W"><entry><msgnum>DOTX055W</msgnum><indexterm><msgnum>DOTX055W</msgnum></indexterm></entry><entry>Warning</entry><entry>Customized stylesheet uses deprecated template "flagit". Conditional processing is no longer supported using this template. Please update your stylesheet to use template "start-flagit" instead of deprecated template "flagit".</entry><entry id="DOTX055W-extra"> </entry></row><row id="DOTX056W"><entry><msgnum>DOTX056W</msgnum><indexterm><msgnum>DOTX056W</msgnum></indexterm></entry><entry>Warning</entry><entry>The file '<varname>%1</varname>' is not available to resolve link information. </entry><entry id="DOTX056W-extra"> </entry></row><row id="DOTX057W"><entry><msgnum>DOTX057W</msgnum><indexterm><msgnum>DOTX057W</msgnum></indexterm></entry><entry>Warning</entry><entry>The link or cross reference target '<varname>%1</varname>' cannot be found, which may cause errors creating links or cross references in your output file. </entry><entry id="DOTX057W-extra"> </entry></row><row id="DOTX058W"><entry><msgnum>DOTX058W</msgnum><indexterm><msgnum>DOTX058W</msgnum></indexterm></entry><entry>Warning</entry><entry>No glossary entry was found associated with key '<varname>%1</varname>' on <varname>%2</varname> element. The build will try to determine the best display text and hover text for terms and abbreviations. </entry><entry id="DOTX058W-extra"> </entry></row><row id="DOTX060W"><entry><msgnum>DOTX060W</msgnum><indexterm><msgnum>DOTX060W</msgnum></indexterm></entry><entry>Warning</entry><entry>Key '<varname>%1</varname>' was used in an abbreviated-form element, but the key is not associated with a glossary entry. Abbreviated-form should ONLY be used to reference to a glossary entry.</entry><entry id="DOTX060W-extra"> </entry></row><row id="DOTX061W"><entry><msgnum>DOTX061W</msgnum><indexterm><msgnum>DOTX061W</msgnum></indexterm></entry><entry>Warning</entry><entry>ID '<varname>%1</varname>' was used in topicref tag but did not reference a topic element. The href attribute on a topicref element should only reference topic level elements. </entry><entry id="DOTX061W-extra"> </entry></row><row id="DOTX062I"><entry><msgnum>DOTX062I</msgnum><indexterm><msgnum>DOTX062I</msgnum></indexterm></entry><entry>Info</entry><entry>It appears that this document uses constraints, but the conref processor cannot validate that the target of a conref is valid. To enable constraint checking, please upgrade to an XSLT 2.0 processor.</entry><entry id="DOTX062I-extra"> </entry></row><row id="DOTX063W"><entry><msgnum>DOTX063W</msgnum><indexterm><msgnum>DOTX063W</msgnum></indexterm></entry><entry>Warning</entry><entry>The dita document '<varname>%1</varname>' is linked to from your content, but is not referenced by a topicref tag in the ditamap file. Include the topic in your map to avoid a broken link.</entry><entry id="DOTX063W-extra"> </entry></row><row id="DOTX064W"><entry><msgnum>DOTX064W</msgnum><indexterm><msgnum>DOTX064W</msgnum></indexterm></entry><entry>Warning</entry><entry>The copy-to attribute [copy-to="<varname>%1</varname>"] uses the name of a file that already exists, so this attribute is ignored. </entry><entry id="DOTX064W-extra"> </entry></row><row id="DOTX065W"><entry><msgnum>DOTX065W</msgnum><indexterm><msgnum>DOTX065W</msgnum></indexterm></entry><entry>Warning</entry><entry>Two unique source files each specify copy-to="<varname>%2</varname>", which results in a collision. The value associated with href="<varname>%1</varname>" is ignored. </entry><entry id="DOTX065W-extra"> </entry></row><row id="DOTX066W"><entry><msgnum>DOTX066W</msgnum><indexterm><msgnum>DOTX066W</msgnum></indexterm></entry><entry>Warning</entry><entry>Template "<varname>%1</varname>" is deprecated. Remove references to this template from your custom XSLT or plug-ins.</entry><entry id="DOTX066W-extra"> </entry></row><row id="DOTX067E"><entry><msgnum>DOTX067E</msgnum><indexterm><msgnum>DOTX067E</msgnum></indexterm></entry><entry>Error</entry><entry>No string named '<varname>%1</varname>' was found for language '<varname>%2</varname>'. Add a mapping for the string '<varname>%1</varname>'.</entry><entry id="DOTX067E-extra"> </entry></row><row id="DOTX068W"><entry><msgnum>DOTX068W</msgnum><indexterm><msgnum>DOTX068W</msgnum></indexterm></entry><entry>Warning</entry><entry>A topicref element that references a map contains child topicref elements. Child topicref elements are ignored.</entry><entry id="DOTX068W-extra"> </entry></row><row id="DOTX069W"><entry><msgnum>DOTX069W</msgnum><indexterm><msgnum>DOTX069W</msgnum></indexterm></entry><entry>Warning</entry><entry>Template mode "<varname>%1</varname>" is deprecated. Remove references to this template mode from your custom XSLT or plug-ins.</entry><entry id="DOTX069W-extra"> </entry></row><row id="DOTX070W"><entry><msgnum>DOTX070W</msgnum><indexterm><msgnum>DOTX070W</msgnum></indexterm></entry><entry>Warning</entry><entry>Target "<varname>%1</varname>" is deprecated. Remove references to this target from your custom Ant files.</entry><entry id="DOTX070W-extra"> </entry></row><row id="DOTX071E"><entry><msgnum>DOTX071E</msgnum><indexterm><msgnum>DOTX071E</msgnum></indexterm></entry><entry>Error</entry><entry>Conref range: Unable to find conref range end element with ID "<varname>%1</varname>". </entry><entry id="DOTX071E-extra"> </entry></row><row id="DOTX071W"><entry><msgnum>DOTX071W</msgnum><indexterm><msgnum>DOTX071W</msgnum></indexterm></entry><entry>Warning</entry><entry>Parameter "<varname>%1</varname>" on template "<varname>%2</varname>" is deprecated. Use parameter "<varname>%3</varname>" instead.</entry><entry id="DOTX071W-extra"> </entry></row><row id="DOTX072I"><entry><msgnum>DOTX072I</msgnum><indexterm><msgnum>DOTX072I</msgnum></indexterm></entry><entry>Info</entry><entry>Ignoring navtitle within topicgroup. </entry><entry id="DOTX072I-extra"> </entry></row><row id="DOTX073I"><entry><msgnum>DOTX073I</msgnum><indexterm><msgnum>DOTX073I</msgnum></indexterm></entry><entry>Info</entry><entry>Removing broken link to "<varname>%1</varname>". </entry><entry id="DOTX073I-extra"> </entry></row><row id="DOTX074W"><entry><msgnum>DOTX074W</msgnum><indexterm><msgnum>DOTX074W</msgnum></indexterm></entry><entry>Warning</entry><entry>No formatting defined for unknown class attribute value "<varname>%1</varname>". </entry><entry id="DOTX074W-extra"> </entry></row><row id="DOTX075W"><entry><msgnum>DOTX075W</msgnum><indexterm><msgnum>DOTX075W</msgnum></indexterm></entry><entry>Warning</entry><entry>A content reference in a constrained document type is pulling content from an unconstrained document type. The reference will resolve, but may result in content that violates one of the document constraints in "<varname>%1</varname>". </entry><entry id="DOTX075W-extra"> </entry></row><row id="DOTX076E"><entry><msgnum>DOTX076E</msgnum><indexterm><msgnum>DOTX076E</msgnum></indexterm></entry><entry>Error</entry><entry>A content reference in a constrained document type cannot be resolved because it would violate one of the document constraints "<varname>%1</varname>". The current constrained document may only reuse content from documents with equivalent constraints.</entry><entry id="DOTX076E-extra"> </entry></row><row id="DOTX077I"><entry><msgnum>DOTX077I</msgnum><indexterm><msgnum>DOTX077I</msgnum></indexterm></entry><entry>Info</entry><entry>Resolving content references results in duplicate ID '<varname>%1</varname>'. Rewriting resolved version to '<varname>%2</varname>'.</entry><entry id="DOTX077I-extra"> </entry></row><row id="INDX001I"><entry><msgnum>INDX001I</msgnum><indexterm><msgnum>INDX001I</msgnum></indexterm></entry><entry>Info</entry><entry>Index entry '<varname>%1</varname>' will be sorted under the "Special characters" heading. </entry><entry id="INDX001I-extra"> </entry></row><row id="INDX002E"><entry><msgnum>INDX002E</msgnum><indexterm><msgnum>INDX002E</msgnum></indexterm></entry><entry>Error</entry><entry>The PDF indexing process could not find the proper sort location for '<varname>%1</varname>', so the term has been dropped from the index. </entry><entry id="INDX002E-extra"> </entry></row><row id="INDX003E"><entry><msgnum>INDX003E</msgnum><indexterm><msgnum>INDX003E</msgnum></indexterm></entry><entry>Error</entry><entry>The build failed due to problems encountered when sorting the PDF index. </entry><entry id="INDX003E-extra"> </entry></row><row id="PDFJ001E"><entry><msgnum>PDFJ001E</msgnum><indexterm><msgnum>PDFJ001E</msgnum></indexterm></entry><entry>Error</entry><entry>The PDF indexing process could not find the proper sort location for '<varname>%1</varname>', so the term has been dropped from the index. </entry><entry id="PDFJ001E-extra"> </entry></row><row id="PDFJ002E"><entry><msgnum>PDFJ002E</msgnum><indexterm><msgnum>PDFJ002E</msgnum></indexterm></entry><entry>Error</entry><entry>The build failed due to problems encountered when sorting the PDF index. Please address any messages located earlier in the log.</entry><entry id="PDFJ002E-extra"> </entry></row><row id="PDFJ003I"><entry><msgnum>PDFJ003I</msgnum><indexterm><msgnum>PDFJ003I</msgnum></indexterm></entry><entry>Info</entry><entry>Index entry '<varname>%1</varname>' will be sorted under the "Special characters" heading. </entry><entry id="PDFJ003I-extra"> </entry></row><row id="PDFX001W"><entry><msgnum>PDFX001W</msgnum><indexterm><msgnum>PDFX001W</msgnum></indexterm></entry><entry>Warning</entry><entry>There is an index term specified with start="<varname>%1</varname>", but there is no matching end for this term. Add an index term in a valid location with end="<varname>%1</varname>".</entry><entry id="PDFX001W-extra"> </entry></row><row id="PDFX002W"><entry><msgnum>PDFX002W</msgnum><indexterm><msgnum>PDFX002W</msgnum></indexterm></entry><entry>Warning</entry><entry>There are multiple index terms specified with start="<varname>%1</varname>", but there is only one term to end this range, or the ranges for this term overlap. Ensure that each term with this start value has a matching end value, and that the specified ranges for this value do not overlap</entry><entry id="PDFX002W-extra"> </entry></row><row id="PDFX003W"><entry><msgnum>PDFX003W</msgnum><indexterm><msgnum>PDFX003W</msgnum></indexterm></entry><entry>Warning</entry><entry>There are multiple index entries found to close the index range for "<varname>%1</varname>". Ensure that any index term with start="<varname>%1</varname>" has only one matching end term with end="<varname>%1</varname>".</entry><entry id="PDFX003W-extra"> </entry></row><row id="PDFX004F"><entry><msgnum>PDFX004F</msgnum><indexterm><msgnum>PDFX004F</msgnum></indexterm></entry><entry>Error</entry><entry>A topic reference was found with href="". Please specify a target or remove the href attribute.</entry><entry id="PDFX004F-extra"> </entry></row><row id="PDFX005F"><entry><msgnum>PDFX005F</msgnum><indexterm><msgnum>PDFX005F</msgnum></indexterm></entry><entry>Error</entry><entry>The topic reference href="<varname>%1</varname>" could not be found. Please correct the reference, or set the scope or format attribute if the target is not a local DITA topic.</entry><entry id="PDFX005F-extra"> </entry></row><row id="PDFX007W"><entry><msgnum>PDFX007W</msgnum><indexterm><msgnum>PDFX007W</msgnum></indexterm></entry><entry>Warning</entry><entry>Found an index term with end="<varname>%1</varname>", but no starting term was found for this entry. </entry><entry id="PDFX007W-extra"> </entry></row><row id="PDFX008W"><entry><msgnum>PDFX008W</msgnum><indexterm><msgnum>PDFX008W</msgnum></indexterm></entry><entry>Warning</entry><entry>Font definition not found for the logical name or alias '<varname>%1</varname>'. </entry><entry id="PDFX008W-extra"> </entry></row><row id="PDFX009E"><entry><msgnum>PDFX009E</msgnum><indexterm><msgnum>PDFX009E</msgnum></indexterm></entry><entry>Error</entry><entry>Attribute set reflection cannot handle XSLT element <varname>%1</varname>. </entry><entry id="PDFX009E-extra"> </entry></row><row id="PDFX011E"><entry><msgnum>PDFX011E</msgnum><indexterm><msgnum>PDFX011E</msgnum></indexterm></entry><entry>Error</entry><entry>The index term '<varname>%2</varname>' uses both an index-see element and <varname>%1</varname> element. Convert the index-see element to index-see-also.</entry><entry id="PDFX011E-extra"> </entry></row><row id="PDFX012E"><entry><msgnum>PDFX012E</msgnum><indexterm><msgnum>PDFX012E</msgnum></indexterm></entry><entry>Error</entry><entry>Found a table row with more entries than allowed. </entry><entry id="PDFX012E-extra"> </entry></row><row id="PDFX013F"><entry><msgnum>PDFX013F</msgnum><indexterm><msgnum>PDFX013F</msgnum></indexterm></entry><entry>Fatal</entry><entry>The PDF file '<varname>%1</varname>' could not be generated. </entry><entry id="PDFX013F-extra"> </entry></row><row id="XEPJ001W"><entry><msgnum>XEPJ001W</msgnum><indexterm><msgnum>XEPJ001W</msgnum></indexterm></entry><entry>Warning</entry><entry><varname>%1</varname> </entry><entry id="XEPJ001W-extra"> </entry></row><row id="XEPJ002E"><entry><msgnum>XEPJ002E</msgnum><indexterm><msgnum>XEPJ002E</msgnum></indexterm></entry><entry>Error</entry><entry><varname>%1</varname> </entry><entry id="XEPJ002E-extra"> </entry></row><row id="XEPJ003E"><entry><msgnum>XEPJ003E</msgnum><indexterm><msgnum>XEPJ003E</msgnum></indexterm></entry><entry>Error</entry><entry><varname>%1</varname> </entry><entry id="XEPJ003E-extra"> </entry></row></tbody></tgroup></table></refbody></reference>